ctime,relname,pid,mode,granted
1440260131.41376,pg_index,13855,AccessShareLock,t
1440260131.41376,pg_index_indexrelid_index,13855,AccessShareLock,t
1440260131.41376,pg_index_indrelid_index,13855,AccessShareLock,t
1440260131.41376,pg_locks,13849,AccessShareLock,t
1440260131.41376,pg_namespace,13855,AccessShareLock,t
1440260131.41376,pg_namespace_nspname_index,13855,AccessShareLock,t
1440260131.41376,pg_namespace_oid_index,13855,AccessShareLock,t
1440260131.41376,pg_stat_all_indexes,13855,AccessShareLock,t
1440260131.41376,pg_stat_database,13848,AccessShareLock,t
1440260131.41376,pg_statio_all_indexes,13855,AccessShareLock,t
1440260191.42674,lineitem,13907,RowExclusiveLock,t
1440260191.42674,orders,13907,RowExclusiveLock,t
1440260191.42674,pg_index,13965,AccessShareLock,t
1440260191.42674,pg_index_indexrelid_index,13965,AccessShareLock,t
1440260191.42674,pg_index_indrelid_index,13965,AccessShareLock,t
1440260191.42674,pg_locks,13942,AccessShareLock,t
1440260191.42674,pg_namespace,13965,AccessShareLock,t
1440260191.42674,pg_namespace_nspname_index,13965,AccessShareLock,t
1440260191.42674,pg_namespace_oid_index,13965,AccessShareLock,t
1440260191.42674,pg_stat_all_indexes,13965,AccessShareLock,t
1440260191.42674,pg_statio_all_indexes,13965,AccessShareLock,t
1440260251.44449,nation,14014,AccessShareLock,t
1440260251.44449,part,14014,AccessShareLock,t
1440260251.44449,part_p_container_p_brand_p_partkey_idx,14014,AccessShareLock,t
1440260251.44449,part_p_name_idx,14014,AccessShareLock,t
1440260251.44449,part_p_size_idx,14014,AccessShareLock,t
1440260251.44449,part_p_type_p_partkey_idx,14014,AccessShareLock,t
1440260251.44449,partsupp,14014,AccessShareLock,t
1440260251.44449,partsupp_ps_suppkey_idx,14014,AccessShareLock,t
1440260251.44449,pg_locks,14049,AccessShareLock,t
1440260251.44449,pk_nation,14014,AccessShareLock,t
1440260251.44449,pk_part,14014,AccessShareLock,t
1440260251.44449,pk_partsupp,14014,AccessShareLock,t
1440260251.44449,pk_region,14014,AccessShareLock,t
1440260251.44449,pk_supplier,14014,AccessShareLock,t
1440260251.44449,region,14014,AccessShareLock,t
1440260251.44449,supplier,14014,AccessShareLock,t
1440260251.44449,supplier_s_nationkey_s_suppkey_idx,14014,AccessShareLock,t
1440260251.44449,supplier_s_suppkey_idx_like,14014,AccessShareLock,t
1440260311.46374,lineitem,14107,AccessShareLock,t
1440260311.46374,lineitem_l_orderkey_idx,14107,AccessShareLock,t
1440260311.46374,lineitem_l_orderkey_idx_l_returnflag,14107,AccessShareLock,t
1440260311.46374,lineitem_l_orderkey_idx_part1,14107,AccessShareLock,t
1440260311.46374,lineitem_l_orderkey_idx_part2,14107,AccessShareLock,t
1440260311.46374,lineitem_l_orderkey_l_linenumber_l_shipdate_idx,14107,AccessShareLock,t
1440260311.46374,lineitem_l_partkey_l_quantity_l_shipmode_idx,14107,AccessShareLock,t
1440260311.46374,lineitem_l_shipdate_l_suppkey__idx,14107,AccessShareLock,t
1440260311.46374,nation,14107,AccessShareLock,t
1440260311.46374,orders,14107,AccessShareLock,t
1440260311.46374,orders_o_orderdate_o_orderkey_idx,14107,AccessShareLock,t
1440260311.46374,orders_o_orderkey_o_orderdate_idx,14107,AccessShareLock,t
1440260311.46374,part,14107,AccessShareLock,t
1440260311.46374,part_p_container_p_brand_p_partkey_idx,14107,AccessShareLock,t
1440260311.46374,part_p_name_idx,14107,AccessShareLock,t
1440260311.46374,part_p_size_idx,14107,AccessShareLock,t
1440260311.46374,part_p_type_p_partkey_idx,14107,AccessShareLock,t
1440260311.46374,partsupp,14107,AccessShareLock,t
1440260311.46374,partsupp_ps_suppkey_idx,14107,AccessShareLock,t
1440260311.46374,pg_index,14138,AccessShareLock,t
1440260311.46374,pg_index,14165,AccessShareLock,t
1440260311.46374,pg_index_indexrelid_index,14165,AccessShareLock,t
1440260311.46374,pg_index_indexrelid_index,14138,AccessShareLock,t
1440260311.46374,pg_index_indrelid_index,14165,AccessShareLock,t
1440260311.46374,pg_index_indrelid_index,14138,AccessShareLock,t
1440260311.46374,pg_locks,14148,AccessShareLock,t
1440260311.46374,pg_namespace,14138,AccessShareLock,t
1440260311.46374,pg_namespace,14165,AccessShareLock,t
1440260311.46374,pg_namespace_nspname_index,14165,AccessShareLock,t
1440260311.46374,pg_namespace_nspname_index,14138,AccessShareLock,t
1440260311.46374,pg_namespace_oid_index,14165,AccessShareLock,t
1440260311.46374,pg_namespace_oid_index,14138,AccessShareLock,t
1440260311.46374,pg_stat_all_indexes,14138,AccessShareLock,t
1440260311.46374,pg_stat_all_tables,14165,AccessShareLock,t
1440260311.46374,pg_stat_database,14144,AccessShareLock,t
1440260311.46374,pg_statio_all_indexes,14138,AccessShareLock,t
1440260311.46374,pg_statio_all_tables,14165,AccessShareLock,t
1440260311.46374,pk_lineitem,14107,AccessShareLock,t
1440260311.46374,pk_nation,14107,AccessShareLock,t
1440260311.46374,pk_orders,14107,AccessShareLock,t
1440260311.46374,pk_part,14107,AccessShareLock,t
1440260311.46374,pk_partsupp,14107,AccessShareLock,t
1440260311.46374,pk_supplier,14107,AccessShareLock,t
1440260311.46374,supplier,14107,AccessShareLock,t
1440260311.46374,supplier_s_nationkey_s_suppkey_idx,14107,AccessShareLock,t
1440260311.46374,supplier_s_suppkey_idx_like,14107,AccessShareLock,t
1440260371.45323,lineitem,14107,AccessShareLock,t
1440260371.45323,lineitem_l_orderkey_idx,14107,AccessShareLock,t
1440260371.45323,lineitem_l_orderkey_idx_l_returnflag,14107,AccessShareLock,t
1440260371.45323,lineitem_l_orderkey_idx_part1,14107,AccessShareLock,t
1440260371.45323,lineitem_l_orderkey_idx_part2,14107,AccessShareLock,t
1440260371.45323,lineitem_l_orderkey_l_linenumber_l_shipdate_idx,14107,AccessShareLock,t
1440260371.45323,lineitem_l_partkey_l_quantity_l_shipmode_idx,14107,AccessShareLock,t
1440260371.45323,lineitem_l_shipdate_l_suppkey__idx,14107,AccessShareLock,t
1440260371.45323,nation,14107,AccessShareLock,t
1440260371.45323,orders,14107,AccessShareLock,t
1440260371.45323,orders_o_orderdate_o_orderkey_idx,14107,AccessShareLock,t
1440260371.45323,orders_o_orderkey_o_orderdate_idx,14107,AccessShareLock,t
1440260371.45323,part,14107,AccessShareLock,t
1440260371.45323,part_p_container_p_brand_p_partkey_idx,14107,AccessShareLock,t
1440260371.45323,part_p_name_idx,14107,AccessShareLock,t
1440260371.45323,part_p_size_idx,14107,AccessShareLock,t
1440260371.45323,part_p_type_p_partkey_idx,14107,AccessShareLock,t
1440260371.45323,partsupp,14107,AccessShareLock,t
1440260371.45323,partsupp_ps_suppkey_idx,14107,AccessShareLock,t
1440260371.45323,pg_locks,14206,AccessShareLock,t
1440260371.45323,pk_lineitem,14107,AccessShareLock,t
1440260371.45323,pk_nation,14107,AccessShareLock,t
1440260371.45323,pk_orders,14107,AccessShareLock,t
1440260371.45323,pk_part,14107,AccessShareLock,t
1440260371.45323,pk_partsupp,14107,AccessShareLock,t
1440260371.45323,pk_supplier,14107,AccessShareLock,t
1440260371.45323,supplier,14107,AccessShareLock,t
1440260371.45323,supplier_s_nationkey_s_suppkey_idx,14107,AccessShareLock,t
1440260371.45323,supplier_s_suppkey_idx_like,14107,AccessShareLock,t
1440260431.48177,lineitem,14107,AccessShareLock,t
1440260431.48177,lineitem_l_orderkey_idx,14107,AccessShareLock,t
1440260431.48177,lineitem_l_orderkey_idx_l_returnflag,14107,AccessShareLock,t
1440260431.48177,lineitem_l_orderkey_idx_part1,14107,AccessShareLock,t
1440260431.48177,lineitem_l_orderkey_idx_part2,14107,AccessShareLock,t
1440260431.48177,lineitem_l_orderkey_l_linenumber_l_shipdate_idx,14107,AccessShareLock,t
1440260431.48177,lineitem_l_partkey_l_quantity_l_shipmode_idx,14107,AccessShareLock,t
1440260431.48177,lineitem_l_shipdate_l_suppkey__idx,14107,AccessShareLock,t
1440260431.48177,nation,14107,AccessShareLock,t
1440260431.48177,orders,14107,AccessShareLock,t
1440260431.48177,orders_o_orderdate_o_orderkey_idx,14107,AccessShareLock,t
1440260431.48177,orders_o_orderkey_o_orderdate_idx,14107,AccessShareLock,t
1440260431.48177,part,14107,AccessShareLock,t
1440260431.48177,part_p_container_p_brand_p_partkey_idx,14107,AccessShareLock,t
1440260431.48177,part_p_name_idx,14107,AccessShareLock,t
1440260431.48177,part_p_size_idx,14107,AccessShareLock,t
1440260431.48177,part_p_type_p_partkey_idx,14107,AccessShareLock,t
1440260431.48177,partsupp,14107,AccessShareLock,t
1440260431.48177,partsupp_ps_suppkey_idx,14107,AccessShareLock,t
1440260431.48177,pg_locks,14296,AccessShareLock,t
1440260431.48177,pg_rewrite,14308,AccessShareLock,t
1440260431.48177,pg_rewrite_rel_rulename_index,14308,AccessShareLock,t
1440260431.48177,pg_stat_all_indexes,14308,AccessShareLock,t
1440260431.48177,pg_stat_database,14307,AccessShareLock,t
1440260431.48177,pg_statio_all_indexes,14308,AccessShareLock,t
1440260431.48177,pk_lineitem,14107,AccessShareLock,t
1440260431.48177,pk_nation,14107,AccessShareLock,t
1440260431.48177,pk_orders,14107,AccessShareLock,t
1440260431.48177,pk_part,14107,AccessShareLock,t
1440260431.48177,pk_partsupp,14107,AccessShareLock,t
1440260431.48177,pk_supplier,14107,AccessShareLock,t
1440260431.48177,supplier,14107,AccessShareLock,t
1440260431.48177,supplier_s_nationkey_s_suppkey_idx,14107,AccessShareLock,t
1440260431.48177,supplier_s_suppkey_idx_like,14107,AccessShareLock,t
1440260491.491,lineitem,14107,AccessShareLock,t
1440260491.491,lineitem_l_orderkey_idx,14107,AccessShareLock,t
1440260491.491,lineitem_l_orderkey_idx_l_returnflag,14107,AccessShareLock,t
1440260491.491,lineitem_l_orderkey_idx_part1,14107,AccessShareLock,t
1440260491.491,lineitem_l_orderkey_idx_part2,14107,AccessShareLock,t
1440260491.491,lineitem_l_orderkey_l_linenumber_l_shipdate_idx,14107,AccessShareLock,t
1440260491.491,lineitem_l_partkey_l_quantity_l_shipmode_idx,14107,AccessShareLock,t
1440260491.491,lineitem_l_shipdate_l_suppkey__idx,14107,AccessShareLock,t
1440260491.491,nation,14107,AccessShareLock,t
1440260491.491,orders,14107,AccessShareLock,t
1440260491.491,orders_o_orderdate_o_orderkey_idx,14107,AccessShareLock,t
1440260491.491,orders_o_orderkey_o_orderdate_idx,14107,AccessShareLock,t
1440260491.491,part,14107,AccessShareLock,t
1440260491.491,part_p_container_p_brand_p_partkey_idx,14107,AccessShareLock,t
1440260491.491,part_p_name_idx,14107,AccessShareLock,t
1440260491.491,part_p_size_idx,14107,AccessShareLock,t
1440260491.491,part_p_type_p_partkey_idx,14107,AccessShareLock,t
1440260491.491,partsupp,14107,AccessShareLock,t
1440260491.491,partsupp_ps_suppkey_idx,14107,AccessShareLock,t
1440260491.491,pg_index,14362,AccessShareLock,t
1440260491.491,pg_index_indexrelid_index,14362,AccessShareLock,t
1440260491.491,pg_index_indrelid_index,14362,AccessShareLock,t
1440260491.491,pg_locks,14360,AccessShareLock,t
1440260491.491,pg_namespace,14362,AccessShareLock,t
1440260491.491,pg_namespace_nspname_index,14362,AccessShareLock,t
1440260491.491,pg_namespace_oid_index,14362,AccessShareLock,t
1440260491.491,pg_stat_all_indexes,14362,AccessShareLock,t
1440260491.491,pg_statio_all_indexes,14362,AccessShareLock,t
1440260491.491,pk_lineitem,14107,AccessShareLock,t
1440260491.491,pk_nation,14107,AccessShareLock,t
1440260491.491,pk_orders,14107,AccessShareLock,t
1440260491.491,pk_part,14107,AccessShareLock,t
1440260491.491,pk_partsupp,14107,AccessShareLock,t
1440260491.491,pk_supplier,14107,AccessShareLock,t
1440260491.491,supplier,14107,AccessShareLock,t
1440260491.491,supplier_s_nationkey_s_suppkey_idx,14107,AccessShareLock,t
1440260491.491,supplier_s_suppkey_idx_like,14107,AccessShareLock,t
1440260551.49943,lineitem,14107,AccessShareLock,t
1440260551.49943,lineitem_l_orderkey_idx,14107,AccessShareLock,t
1440260551.49943,lineitem_l_orderkey_idx_l_returnflag,14107,AccessShareLock,t
1440260551.49943,lineitem_l_orderkey_idx_part1,14107,AccessShareLock,t
1440260551.49943,lineitem_l_orderkey_idx_part2,14107,AccessShareLock,t
1440260551.49943,lineitem_l_orderkey_l_linenumber_l_shipdate_idx,14107,AccessShareLock,t
1440260551.49943,lineitem_l_partkey_l_quantity_l_shipmode_idx,14107,AccessShareLock,t
1440260551.49943,lineitem_l_shipdate_l_suppkey__idx,14107,AccessShareLock,t
1440260551.49943,nation,14107,AccessShareLock,t
1440260551.49943,orders,14107,AccessShareLock,t
1440260551.49943,orders_o_orderdate_o_orderkey_idx,14107,AccessShareLock,t
1440260551.49943,orders_o_orderkey_o_orderdate_idx,14107,AccessShareLock,t
1440260551.49943,part,14107,AccessShareLock,t
1440260551.49943,part_p_container_p_brand_p_partkey_idx,14107,AccessShareLock,t
1440260551.49943,part_p_name_idx,14107,AccessShareLock,t
1440260551.49943,part_p_size_idx,14107,AccessShareLock,t
1440260551.49943,part_p_type_p_partkey_idx,14107,AccessShareLock,t
1440260551.49943,partsupp,14107,AccessShareLock,t
1440260551.49943,partsupp_ps_suppkey_idx,14107,AccessShareLock,t
1440260551.49943,pg_locks,14441,AccessShareLock,t
1440260551.49943,pg_stat_activity,14449,AccessShareLock,t
1440260551.49943,pk_lineitem,14107,AccessShareLock,t
1440260551.49943,pk_nation,14107,AccessShareLock,t
1440260551.49943,pk_orders,14107,AccessShareLock,t
1440260551.49943,pk_part,14107,AccessShareLock,t
1440260551.49943,pk_partsupp,14107,AccessShareLock,t
1440260551.49943,pk_supplier,14107,AccessShareLock,t
1440260551.49943,supplier,14107,AccessShareLock,t
1440260551.49943,supplier_s_nationkey_s_suppkey_idx,14107,AccessShareLock,t
1440260551.49943,supplier_s_suppkey_idx_like,14107,AccessShareLock,t
1440260611.51325,lineitem,14107,AccessShareLock,t
1440260611.51325,lineitem_l_orderkey_idx,14107,AccessShareLock,t
1440260611.51325,lineitem_l_orderkey_idx_l_returnflag,14107,AccessShareLock,t
1440260611.51325,lineitem_l_orderkey_idx_part1,14107,AccessShareLock,t
1440260611.51325,lineitem_l_orderkey_idx_part2,14107,AccessShareLock,t
1440260611.51325,lineitem_l_orderkey_l_linenumber_l_shipdate_idx,14107,AccessShareLock,t
1440260611.51325,lineitem_l_partkey_l_quantity_l_shipmode_idx,14107,AccessShareLock,t
1440260611.51325,lineitem_l_shipdate_l_suppkey__idx,14107,AccessShareLock,t
1440260611.51325,nation,14107,AccessShareLock,t
1440260611.51325,orders,14107,AccessShareLock,t
1440260611.51325,orders_o_orderdate_o_orderkey_idx,14107,AccessShareLock,t
1440260611.51325,orders_o_orderkey_o_orderdate_idx,14107,AccessShareLock,t
1440260611.51325,part,14107,AccessShareLock,t
1440260611.51325,part_p_container_p_brand_p_partkey_idx,14107,AccessShareLock,t
1440260611.51325,part_p_name_idx,14107,AccessShareLock,t
1440260611.51325,part_p_size_idx,14107,AccessShareLock,t
1440260611.51325,part_p_type_p_partkey_idx,14107,AccessShareLock,t
1440260611.51325,partsupp,14107,AccessShareLock,t
1440260611.51325,partsupp_ps_suppkey_idx,14107,AccessShareLock,t
1440260611.51325,pg_locks,14505,AccessShareLock,t
1440260611.51325,pg_stat_database,14525,AccessShareLock,t
1440260611.51325,pk_lineitem,14107,AccessShareLock,t
1440260611.51325,pk_nation,14107,AccessShareLock,t
1440260611.51325,pk_orders,14107,AccessShareLock,t
1440260611.51325,pk_part,14107,AccessShareLock,t
1440260611.51325,pk_partsupp,14107,AccessShareLock,t
1440260611.51325,pk_supplier,14107,AccessShareLock,t
1440260611.51325,supplier,14107,AccessShareLock,t
1440260611.51325,supplier_s_nationkey_s_suppkey_idx,14107,AccessShareLock,t
1440260611.51325,supplier_s_suppkey_idx_like,14107,AccessShareLock,t
1440260671.51831,lineitem,14107,AccessShareLock,t
1440260671.51831,lineitem_l_orderkey_idx,14107,AccessShareLock,t
1440260671.51831,lineitem_l_orderkey_idx_l_returnflag,14107,AccessShareLock,t
1440260671.51831,lineitem_l_orderkey_idx_part1,14107,AccessShareLock,t
1440260671.51831,lineitem_l_orderkey_idx_part2,14107,AccessShareLock,t
1440260671.51831,lineitem_l_orderkey_l_linenumber_l_shipdate_idx,14107,AccessShareLock,t
1440260671.51831,lineitem_l_partkey_l_quantity_l_shipmode_idx,14107,AccessShareLock,t
1440260671.51831,lineitem_l_shipdate_l_suppkey__idx,14107,AccessShareLock,t
1440260671.51831,nation,14107,AccessShareLock,t
1440260671.51831,orders,14107,AccessShareLock,t
1440260671.51831,orders_o_orderdate_o_orderkey_idx,14107,AccessShareLock,t
1440260671.51831,orders_o_orderkey_o_orderdate_idx,14107,AccessShareLock,t
1440260671.51831,part,14107,AccessShareLock,t
1440260671.51831,part_p_container_p_brand_p_partkey_idx,14107,AccessShareLock,t
1440260671.51831,part_p_name_idx,14107,AccessShareLock,t
1440260671.51831,part_p_size_idx,14107,AccessShareLock,t
1440260671.51831,part_p_type_p_partkey_idx,14107,AccessShareLock,t
1440260671.51831,partsupp,14107,AccessShareLock,t
1440260671.51831,partsupp_ps_suppkey_idx,14107,AccessShareLock,t
1440260671.51831,pg_locks,14576,AccessShareLock,t
1440260671.51831,pg_rewrite,14585,AccessShareLock,t
1440260671.51831,pg_rewrite_rel_rulename_index,14585,AccessShareLock,t
1440260671.51831,pg_stat_all_indexes,14585,AccessShareLock,t
1440260671.51831,pk_lineitem,14107,AccessShareLock,t
1440260671.51831,pk_nation,14107,AccessShareLock,t
1440260671.51831,pk_orders,14107,AccessShareLock,t
1440260671.51831,pk_part,14107,AccessShareLock,t
1440260671.51831,pk_partsupp,14107,AccessShareLock,t
1440260671.51831,pk_supplier,14107,AccessShareLock,t
1440260671.51831,supplier,14107,AccessShareLock,t
1440260671.51831,supplier_s_nationkey_s_suppkey_idx,14107,AccessShareLock,t
1440260671.51831,supplier_s_suppkey_idx_like,14107,AccessShareLock,t
1440260731.53168,lineitem,14107,AccessShareLock,t
1440260731.53168,lineitem_l_orderkey_idx,14107,AccessShareLock,t
1440260731.53168,lineitem_l_orderkey_idx_l_returnflag,14107,AccessShareLock,t
1440260731.53168,lineitem_l_orderkey_idx_part1,14107,AccessShareLock,t
1440260731.53168,lineitem_l_orderkey_idx_part2,14107,AccessShareLock,t
1440260731.53168,lineitem_l_orderkey_l_linenumber_l_shipdate_idx,14107,AccessShareLock,t
1440260731.53168,lineitem_l_partkey_l_quantity_l_shipmode_idx,14107,AccessShareLock,t
1440260731.53168,lineitem_l_shipdate_l_suppkey__idx,14107,AccessShareLock,t
1440260731.53168,nation,14107,AccessShareLock,t
1440260731.53168,orders,14107,AccessShareLock,t
1440260731.53168,orders_o_orderdate_o_orderkey_idx,14107,AccessShareLock,t
1440260731.53168,orders_o_orderkey_o_orderdate_idx,14107,AccessShareLock,t
1440260731.53168,part,14107,AccessShareLock,t
1440260731.53168,part_p_container_p_brand_p_partkey_idx,14107,AccessShareLock,t
1440260731.53168,part_p_name_idx,14107,AccessShareLock,t
1440260731.53168,part_p_size_idx,14107,AccessShareLock,t
1440260731.53168,part_p_type_p_partkey_idx,14107,AccessShareLock,t
1440260731.53168,partsupp,14107,AccessShareLock,t
1440260731.53168,partsupp_ps_suppkey_idx,14107,AccessShareLock,t
1440260731.53168,pg_locks,14656,AccessShareLock,t
1440260731.53168,pg_rewrite,14657,AccessShareLock,t
1440260731.53168,pg_rewrite_rel_rulename_index,14657,AccessShareLock,t
1440260731.53168,pg_stat_all_indexes,14657,AccessShareLock,t
1440260731.53168,pk_lineitem,14107,AccessShareLock,t
1440260731.53168,pk_nation,14107,AccessShareLock,t
1440260731.53168,pk_orders,14107,AccessShareLock,t
1440260731.53168,pk_part,14107,AccessShareLock,t
1440260731.53168,pk_partsupp,14107,AccessShareLock,t
1440260731.53168,pk_supplier,14107,AccessShareLock,t
1440260731.53168,supplier,14107,AccessShareLock,t
1440260731.53168,supplier_s_nationkey_s_suppkey_idx,14107,AccessShareLock,t
1440260731.53168,supplier_s_suppkey_idx_like,14107,AccessShareLock,t
1440260791.53266,lineitem,14107,AccessShareLock,t
1440260791.53266,lineitem_l_orderkey_idx,14107,AccessShareLock,t
1440260791.53266,lineitem_l_orderkey_idx_l_returnflag,14107,AccessShareLock,t
1440260791.53266,lineitem_l_orderkey_idx_part1,14107,AccessShareLock,t
1440260791.53266,lineitem_l_orderkey_idx_part2,14107,AccessShareLock,t
1440260791.53266,lineitem_l_orderkey_l_linenumber_l_shipdate_idx,14107,AccessShareLock,t
1440260791.53266,lineitem_l_partkey_l_quantity_l_shipmode_idx,14107,AccessShareLock,t
1440260791.53266,lineitem_l_shipdate_l_suppkey__idx,14107,AccessShareLock,t
1440260791.53266,nation,14107,AccessShareLock,t
1440260791.53266,orders,14107,AccessShareLock,t
1440260791.53266,orders_o_orderdate_o_orderkey_idx,14107,AccessShareLock,t
1440260791.53266,orders_o_orderkey_o_orderdate_idx,14107,AccessShareLock,t
1440260791.53266,part,14107,AccessShareLock,t
1440260791.53266,part_p_container_p_brand_p_partkey_idx,14107,AccessShareLock,t
1440260791.53266,part_p_name_idx,14107,AccessShareLock,t
1440260791.53266,part_p_size_idx,14107,AccessShareLock,t
1440260791.53266,part_p_type_p_partkey_idx,14107,AccessShareLock,t
1440260791.53266,partsupp,14107,AccessShareLock,t
1440260791.53266,partsupp_ps_suppkey_idx,14107,AccessShareLock,t
1440260791.53266,pg_index,14727,AccessShareLock,t
1440260791.53266,pg_index_indexrelid_index,14727,AccessShareLock,t
1440260791.53266,pg_locks,14729,AccessShareLock,t
1440260791.53266,pg_stat_activity,14728,AccessShareLock,t
1440260791.53266,pg_statistic,14728,AccessShareLock,t
1440260791.53266,pg_statistic_relid_att_inh_index,14728,AccessShareLock,t
1440260791.53266,pk_lineitem,14107,AccessShareLock,t
1440260791.53266,pk_nation,14107,AccessShareLock,t
1440260791.53266,pk_orders,14107,AccessShareLock,t
1440260791.53266,pk_part,14107,AccessShareLock,t
1440260791.53266,pk_partsupp,14107,AccessShareLock,t
1440260791.53266,pk_supplier,14107,AccessShareLock,t
1440260791.53266,supplier,14107,AccessShareLock,t
1440260791.53266,supplier_s_nationkey_s_suppkey_idx,14107,AccessShareLock,t
1440260791.53266,supplier_s_suppkey_idx_like,14107,AccessShareLock,t
1440260851.53866,lineitem,14107,AccessShareLock,t
1440260851.53866,lineitem_l_orderkey_idx,14107,AccessShareLock,t
1440260851.53866,lineitem_l_orderkey_idx_l_returnflag,14107,AccessShareLock,t
1440260851.53866,lineitem_l_orderkey_idx_part1,14107,AccessShareLock,t
1440260851.53866,lineitem_l_orderkey_idx_part2,14107,AccessShareLock,t
1440260851.53866,lineitem_l_orderkey_l_linenumber_l_shipdate_idx,14107,AccessShareLock,t
1440260851.53866,lineitem_l_partkey_l_quantity_l_shipmode_idx,14107,AccessShareLock,t
1440260851.53866,lineitem_l_shipdate_l_suppkey__idx,14107,AccessShareLock,t
1440260851.53866,nation,14107,AccessShareLock,t
1440260851.53866,orders,14107,AccessShareLock,t
1440260851.53866,orders_o_orderdate_o_orderkey_idx,14107,AccessShareLock,t
1440260851.53866,orders_o_orderkey_o_orderdate_idx,14107,AccessShareLock,t
1440260851.53866,part,14107,AccessShareLock,t
1440260851.53866,part_p_container_p_brand_p_partkey_idx,14107,AccessShareLock,t
1440260851.53866,part_p_name_idx,14107,AccessShareLock,t
1440260851.53866,part_p_size_idx,14107,AccessShareLock,t
1440260851.53866,part_p_type_p_partkey_idx,14107,AccessShareLock,t
1440260851.53866,partsupp,14107,AccessShareLock,t
1440260851.53866,partsupp_ps_suppkey_idx,14107,AccessShareLock,t
1440260851.53866,pg_locks,14800,AccessShareLock,t
1440260851.53866,pk_lineitem,14107,AccessShareLock,t
1440260851.53866,pk_nation,14107,AccessShareLock,t
1440260851.53866,pk_orders,14107,AccessShareLock,t
1440260851.53866,pk_part,14107,AccessShareLock,t
1440260851.53866,pk_partsupp,14107,AccessShareLock,t
1440260851.53866,pk_supplier,14107,AccessShareLock,t
1440260851.53866,supplier,14107,AccessShareLock,t
1440260851.53866,supplier_s_nationkey_s_suppkey_idx,14107,AccessShareLock,t
1440260851.53866,supplier_s_suppkey_idx_like,14107,AccessShareLock,t
1440260911.56735,lineitem,14107,AccessShareLock,t
1440260911.56735,lineitem_l_orderkey_idx,14107,AccessShareLock,t
1440260911.56735,lineitem_l_orderkey_idx_l_returnflag,14107,AccessShareLock,t
1440260911.56735,lineitem_l_orderkey_idx_part1,14107,AccessShareLock,t
1440260911.56735,lineitem_l_orderkey_idx_part2,14107,AccessShareLock,t
1440260911.56735,lineitem_l_orderkey_l_linenumber_l_shipdate_idx,14107,AccessShareLock,t
1440260911.56735,lineitem_l_partkey_l_quantity_l_shipmode_idx,14107,AccessShareLock,t
1440260911.56735,lineitem_l_shipdate_l_suppkey__idx,14107,AccessShareLock,t
1440260911.56735,nation,14107,AccessShareLock,t
1440260911.56735,orders,14107,AccessShareLock,t
1440260911.56735,orders_o_orderdate_o_orderkey_idx,14107,AccessShareLock,t
1440260911.56735,orders_o_orderkey_o_orderdate_idx,14107,AccessShareLock,t
1440260911.56735,part,14107,AccessShareLock,t
1440260911.56735,part_p_container_p_brand_p_partkey_idx,14107,AccessShareLock,t
1440260911.56735,part_p_name_idx,14107,AccessShareLock,t
1440260911.56735,part_p_size_idx,14107,AccessShareLock,t
1440260911.56735,part_p_type_p_partkey_idx,14107,AccessShareLock,t
1440260911.56735,partsupp,14107,AccessShareLock,t
1440260911.56735,partsupp_ps_suppkey_idx,14107,AccessShareLock,t
1440260911.56735,pg_index,14888,AccessShareLock,t
1440260911.56735,pg_index_indexrelid_index,14888,AccessShareLock,t
1440260911.56735,pg_index_indrelid_index,14888,AccessShareLock,t
1440260911.56735,pg_locks,14881,AccessShareLock,t
1440260911.56735,pg_namespace,14888,AccessShareLock,t
1440260911.56735,pg_namespace_nspname_index,14888,AccessShareLock,t
1440260911.56735,pg_namespace_oid_index,14888,AccessShareLock,t
1440260911.56735,pg_rewrite,14874,AccessShareLock,t
1440260911.56735,pg_rewrite_rel_rulename_index,14874,AccessShareLock,t
1440260911.56735,pg_stat_all_indexes,14888,AccessShareLock,t
1440260911.56735,pg_stat_database,14880,AccessShareLock,t
1440260911.56735,pg_statio_all_indexes,14888,AccessShareLock,t
1440260911.56735,pg_statio_all_tables,14874,AccessShareLock,t
1440260911.56735,pk_lineitem,14107,AccessShareLock,t
1440260911.56735,pk_nation,14107,AccessShareLock,t
1440260911.56735,pk_orders,14107,AccessShareLock,t
1440260911.56735,pk_part,14107,AccessShareLock,t
1440260911.56735,pk_partsupp,14107,AccessShareLock,t
1440260911.56735,pk_supplier,14107,AccessShareLock,t
1440260911.56735,supplier,14107,AccessShareLock,t
1440260911.56735,supplier_s_nationkey_s_suppkey_idx,14107,AccessShareLock,t
1440260911.56735,supplier_s_suppkey_idx_like,14107,AccessShareLock,t
1440260971.55866,lineitem,14107,AccessShareLock,t
1440260971.55866,lineitem_l_orderkey_idx,14107,AccessShareLock,t
1440260971.55866,lineitem_l_orderkey_idx_l_returnflag,14107,AccessShareLock,t
1440260971.55866,lineitem_l_orderkey_idx_part1,14107,AccessShareLock,t
1440260971.55866,lineitem_l_orderkey_idx_part2,14107,AccessShareLock,t
1440260971.55866,lineitem_l_orderkey_l_linenumber_l_shipdate_idx,14107,AccessShareLock,t
1440260971.55866,lineitem_l_partkey_l_quantity_l_shipmode_idx,14107,AccessShareLock,t
1440260971.55866,lineitem_l_shipdate_l_suppkey__idx,14107,AccessShareLock,t
1440260971.55866,nation,14107,AccessShareLock,t
1440260971.55866,orders,14107,AccessShareLock,t
1440260971.55866,orders_o_orderdate_o_orderkey_idx,14107,AccessShareLock,t
1440260971.55866,orders_o_orderkey_o_orderdate_idx,14107,AccessShareLock,t
1440260971.55866,part,14107,AccessShareLock,t
1440260971.55866,part_p_container_p_brand_p_partkey_idx,14107,AccessShareLock,t
1440260971.55866,part_p_name_idx,14107,AccessShareLock,t
1440260971.55866,part_p_size_idx,14107,AccessShareLock,t
1440260971.55866,part_p_type_p_partkey_idx,14107,AccessShareLock,t
1440260971.55866,partsupp,14107,AccessShareLock,t
1440260971.55866,partsupp_ps_suppkey_idx,14107,AccessShareLock,t
1440260971.55866,pg_locks,14940,AccessShareLock,t
1440260971.55866,pg_stat_database,14938,AccessShareLock,t
1440260971.55866,pk_lineitem,14107,AccessShareLock,t
1440260971.55866,pk_nation,14107,AccessShareLock,t
1440260971.55866,pk_orders,14107,AccessShareLock,t
1440260971.55866,pk_part,14107,AccessShareLock,t
1440260971.55866,pk_partsupp,14107,AccessShareLock,t
1440260971.55866,pk_supplier,14107,AccessShareLock,t
1440260971.55866,supplier,14107,AccessShareLock,t
1440260971.55866,supplier_s_nationkey_s_suppkey_idx,14107,AccessShareLock,t
1440260971.55866,supplier_s_suppkey_idx_like,14107,AccessShareLock,t
1440261031.58813,lineitem,14107,AccessShareLock,t
1440261031.58813,lineitem_l_orderkey_idx,14107,AccessShareLock,t
1440261031.58813,lineitem_l_orderkey_idx_l_returnflag,14107,AccessShareLock,t
1440261031.58813,lineitem_l_orderkey_idx_part1,14107,AccessShareLock,t
1440261031.58813,lineitem_l_orderkey_idx_part2,14107,AccessShareLock,t
1440261031.58813,lineitem_l_orderkey_l_linenumber_l_shipdate_idx,14107,AccessShareLock,t
1440261031.58813,lineitem_l_partkey_l_quantity_l_shipmode_idx,14107,AccessShareLock,t
1440261031.58813,lineitem_l_shipdate_l_suppkey__idx,14107,AccessShareLock,t
1440261031.58813,nation,14107,AccessShareLock,t
1440261031.58813,orders,14107,AccessShareLock,t
1440261031.58813,orders_o_orderdate_o_orderkey_idx,14107,AccessShareLock,t
1440261031.58813,orders_o_orderkey_o_orderdate_idx,14107,AccessShareLock,t
1440261031.58813,part,14107,AccessShareLock,t
1440261031.58813,part_p_container_p_brand_p_partkey_idx,14107,AccessShareLock,t
1440261031.58813,part_p_name_idx,14107,AccessShareLock,t
1440261031.58813,part_p_size_idx,14107,AccessShareLock,t
1440261031.58813,part_p_type_p_partkey_idx,14107,AccessShareLock,t
1440261031.58813,partsupp,14107,AccessShareLock,t
1440261031.58813,partsupp_ps_suppkey_idx,14107,AccessShareLock,t
1440261031.58813,pg_locks,15037,AccessShareLock,t
1440261031.58813,pg_stat_database,15030,AccessShareLock,t
1440261031.58813,pk_lineitem,14107,AccessShareLock,t
1440261031.58813,pk_nation,14107,AccessShareLock,t
1440261031.58813,pk_orders,14107,AccessShareLock,t
1440261031.58813,pk_part,14107,AccessShareLock,t
1440261031.58813,pk_partsupp,14107,AccessShareLock,t
1440261031.58813,pk_supplier,14107,AccessShareLock,t
1440261031.58813,supplier,14107,AccessShareLock,t
1440261031.58813,supplier_s_nationkey_s_suppkey_idx,14107,AccessShareLock,t
1440261031.58813,supplier_s_suppkey_idx_like,14107,AccessShareLock,t
1440261091.59062,lineitem,14107,AccessShareLock,t
1440261091.59062,lineitem_l_orderkey_idx,14107,AccessShareLock,t
1440261091.59062,lineitem_l_orderkey_idx_l_returnflag,14107,AccessShareLock,t
1440261091.59062,lineitem_l_orderkey_idx_part1,14107,AccessShareLock,t
1440261091.59062,lineitem_l_orderkey_idx_part2,14107,AccessShareLock,t
1440261091.59062,lineitem_l_orderkey_l_linenumber_l_shipdate_idx,14107,AccessShareLock,t
1440261091.59062,lineitem_l_partkey_l_quantity_l_shipmode_idx,14107,AccessShareLock,t
1440261091.59062,lineitem_l_shipdate_l_suppkey__idx,14107,AccessShareLock,t
1440261091.59062,nation,14107,AccessShareLock,t
1440261091.59062,orders,14107,AccessShareLock,t
1440261091.59062,orders_o_orderdate_o_orderkey_idx,14107,AccessShareLock,t
1440261091.59062,orders_o_orderkey_o_orderdate_idx,14107,AccessShareLock,t
1440261091.59062,part,14107,AccessShareLock,t
1440261091.59062,part_p_container_p_brand_p_partkey_idx,14107,AccessShareLock,t
1440261091.59062,part_p_name_idx,14107,AccessShareLock,t
1440261091.59062,part_p_size_idx,14107,AccessShareLock,t
1440261091.59062,part_p_type_p_partkey_idx,14107,AccessShareLock,t
1440261091.59062,partsupp,14107,AccessShareLock,t
1440261091.59062,partsupp_ps_suppkey_idx,14107,AccessShareLock,t
1440261091.59062,pg_locks,15098,AccessShareLock,t
1440261091.59062,pk_lineitem,14107,AccessShareLock,t
1440261091.59062,pk_nation,14107,AccessShareLock,t
1440261091.59062,pk_orders,14107,AccessShareLock,t
1440261091.59062,pk_part,14107,AccessShareLock,t
1440261091.59062,pk_partsupp,14107,AccessShareLock,t
1440261091.59062,pk_supplier,14107,AccessShareLock,t
1440261091.59062,supplier,14107,AccessShareLock,t
1440261091.59062,supplier_s_nationkey_s_suppkey_idx,14107,AccessShareLock,t
1440261091.59062,supplier_s_suppkey_idx_like,14107,AccessShareLock,t
1440261151.5991,lineitem,15156,AccessShareLock,t
1440261151.5991,lineitem_l_orderkey_idx,15156,AccessShareLock,t
1440261151.5991,lineitem_l_orderkey_idx_l_returnflag,15156,AccessShareLock,t
1440261151.5991,lineitem_l_orderkey_idx_part1,15156,AccessShareLock,t
1440261151.5991,lineitem_l_orderkey_idx_part2,15156,AccessShareLock,t
1440261151.5991,lineitem_l_orderkey_l_linenumber_l_shipdate_idx,15156,AccessShareLock,t
1440261151.5991,lineitem_l_partkey_l_quantity_l_shipmode_idx,15156,AccessShareLock,t
1440261151.5991,lineitem_l_shipdate_l_suppkey__idx,15156,AccessShareLock,t
1440261151.5991,nation,15156,AccessShareLock,t
1440261151.5991,part,15156,AccessShareLock,t
1440261151.5991,part_p_container_p_brand_p_partkey_idx,15156,AccessShareLock,t
1440261151.5991,part_p_name_idx,15156,AccessShareLock,t
1440261151.5991,part_p_size_idx,15156,AccessShareLock,t
1440261151.5991,part_p_type_p_partkey_idx,15156,AccessShareLock,t
1440261151.5991,partsupp,15156,AccessShareLock,t
1440261151.5991,partsupp_ps_suppkey_idx,15156,AccessShareLock,t
1440261151.5991,pg_locks,15186,AccessShareLock,t
1440261151.5991,pk_lineitem,15156,AccessShareLock,t
1440261151.5991,pk_nation,15156,AccessShareLock,t
1440261151.5991,pk_part,15156,AccessShareLock,t
1440261151.5991,pk_partsupp,15156,AccessShareLock,t
1440261151.5991,pk_supplier,15156,AccessShareLock,t
1440261151.5991,supplier,15156,AccessShareLock,t
1440261151.5991,supplier_s_nationkey_s_suppkey_idx,15156,AccessShareLock,t
1440261151.5991,supplier_s_suppkey_idx_like,15156,AccessShareLock,t
1440261211.6147,lineitem,15156,AccessShareLock,t
1440261211.6147,lineitem_l_orderkey_idx,15156,AccessShareLock,t
1440261211.6147,lineitem_l_orderkey_idx_l_returnflag,15156,AccessShareLock,t
1440261211.6147,lineitem_l_orderkey_idx_part1,15156,AccessShareLock,t
1440261211.6147,lineitem_l_orderkey_idx_part2,15156,AccessShareLock,t
1440261211.6147,lineitem_l_orderkey_l_linenumber_l_shipdate_idx,15156,AccessShareLock,t
1440261211.6147,lineitem_l_partkey_l_quantity_l_shipmode_idx,15156,AccessShareLock,t
1440261211.6147,lineitem_l_shipdate_l_suppkey__idx,15156,AccessShareLock,t
1440261211.6147,nation,15156,AccessShareLock,t
1440261211.6147,part,15156,AccessShareLock,t
1440261211.6147,part_p_container_p_brand_p_partkey_idx,15156,AccessShareLock,t
1440261211.6147,part_p_name_idx,15156,AccessShareLock,t
1440261211.6147,part_p_size_idx,15156,AccessShareLock,t
1440261211.6147,part_p_type_p_partkey_idx,15156,AccessShareLock,t
1440261211.6147,partsupp,15156,AccessShareLock,t
1440261211.6147,partsupp_ps_suppkey_idx,15156,AccessShareLock,t
1440261211.6147,pg_locks,15262,AccessShareLock,t
1440261211.6147,pk_lineitem,15156,AccessShareLock,t
1440261211.6147,pk_nation,15156,AccessShareLock,t
1440261211.6147,pk_part,15156,AccessShareLock,t
1440261211.6147,pk_partsupp,15156,AccessShareLock,t
1440261211.6147,pk_supplier,15156,AccessShareLock,t
1440261211.6147,supplier,15156,AccessShareLock,t
1440261211.6147,supplier_s_nationkey_s_suppkey_idx,15156,AccessShareLock,t
1440261211.6147,supplier_s_suppkey_idx_like,15156,AccessShareLock,t
1440261271.63389,lineitem,15156,AccessShareLock,t
1440261271.63389,lineitem_l_orderkey_idx,15156,AccessShareLock,t
1440261271.63389,lineitem_l_orderkey_idx_l_returnflag,15156,AccessShareLock,t
1440261271.63389,lineitem_l_orderkey_idx_part1,15156,AccessShareLock,t
1440261271.63389,lineitem_l_orderkey_idx_part2,15156,AccessShareLock,t
1440261271.63389,lineitem_l_orderkey_l_linenumber_l_shipdate_idx,15156,AccessShareLock,t
1440261271.63389,lineitem_l_partkey_l_quantity_l_shipmode_idx,15156,AccessShareLock,t
1440261271.63389,lineitem_l_shipdate_l_suppkey__idx,15156,AccessShareLock,t
1440261271.63389,nation,15156,AccessShareLock,t
1440261271.63389,part,15156,AccessShareLock,t
1440261271.63389,part_p_container_p_brand_p_partkey_idx,15156,AccessShareLock,t
1440261271.63389,part_p_name_idx,15156,AccessShareLock,t
1440261271.63389,part_p_size_idx,15156,AccessShareLock,t
1440261271.63389,part_p_type_p_partkey_idx,15156,AccessShareLock,t
1440261271.63389,partsupp,15156,AccessShareLock,t
1440261271.63389,partsupp_ps_suppkey_idx,15156,AccessShareLock,t
1440261271.63389,pg_index,15356,AccessShareLock,t
1440261271.63389,pg_index,15351,AccessShareLock,t
1440261271.63389,pg_index_indexrelid_index,15351,AccessShareLock,t
1440261271.63389,pg_index_indexrelid_index,15356,AccessShareLock,t
1440261271.63389,pg_index_indrelid_index,15351,AccessShareLock,t
1440261271.63389,pg_index_indrelid_index,15356,AccessShareLock,t
1440261271.63389,pg_locks,15347,AccessShareLock,t
1440261271.63389,pg_namespace,15351,AccessShareLock,t
1440261271.63389,pg_namespace,15356,AccessShareLock,t
1440261271.63389,pg_namespace_nspname_index,15351,AccessShareLock,t
1440261271.63389,pg_namespace_nspname_index,15356,AccessShareLock,t
1440261271.63389,pg_namespace_oid_index,15356,AccessShareLock,t
1440261271.63389,pg_namespace_oid_index,15351,AccessShareLock,t
1440261271.63389,pg_stat_all_indexes,15356,AccessShareLock,t
1440261271.63389,pg_stat_all_tables,15351,AccessShareLock,t
1440261271.63389,pg_stat_database,15349,AccessShareLock,t
1440261271.63389,pg_statio_all_indexes,15356,AccessShareLock,t
1440261271.63389,pg_statio_all_tables,15351,AccessShareLock,t
1440261271.63389,pk_lineitem,15156,AccessShareLock,t
1440261271.63389,pk_nation,15156,AccessShareLock,t
1440261271.63389,pk_part,15156,AccessShareLock,t
1440261271.63389,pk_partsupp,15156,AccessShareLock,t
1440261271.63389,pk_supplier,15156,AccessShareLock,t
1440261271.63389,supplier,15156,AccessShareLock,t
1440261271.63389,supplier_s_nationkey_s_suppkey_idx,15156,AccessShareLock,t
1440261271.63389,supplier_s_suppkey_idx_like,15156,AccessShareLock,t
1440261331.63733,lineitem,15156,AccessShareLock,t
1440261331.63733,lineitem_l_orderkey_idx,15156,AccessShareLock,t
1440261331.63733,lineitem_l_orderkey_idx_l_returnflag,15156,AccessShareLock,t
1440261331.63733,lineitem_l_orderkey_idx_part1,15156,AccessShareLock,t
1440261331.63733,lineitem_l_orderkey_idx_part2,15156,AccessShareLock,t
1440261331.63733,lineitem_l_orderkey_l_linenumber_l_shipdate_idx,15156,AccessShareLock,t
1440261331.63733,lineitem_l_partkey_l_quantity_l_shipmode_idx,15156,AccessShareLock,t
1440261331.63733,lineitem_l_shipdate_l_suppkey__idx,15156,AccessShareLock,t
1440261331.63733,nation,15156,AccessShareLock,t
1440261331.63733,part,15156,AccessShareLock,t
1440261331.63733,part_p_container_p_brand_p_partkey_idx,15156,AccessShareLock,t
1440261331.63733,part_p_name_idx,15156,AccessShareLock,t
1440261331.63733,part_p_size_idx,15156,AccessShareLock,t
1440261331.63733,part_p_type_p_partkey_idx,15156,AccessShareLock,t
1440261331.63733,partsupp,15156,AccessShareLock,t
1440261331.63733,partsupp_ps_suppkey_idx,15156,AccessShareLock,t
1440261331.63733,pg_locks,15405,AccessShareLock,t
1440261331.63733,pg_opclass,15418,AccessShareLock,t
1440261331.63733,pg_opclass_oid_index,15418,AccessShareLock,t
1440261331.63733,pg_rewrite,15407,AccessShareLock,t
1440261331.63733,pg_rewrite_rel_rulename_index,15407,AccessShareLock,t
1440261331.63733,pg_stat_database,15407,AccessShareLock,t
1440261331.63733,pk_lineitem,15156,AccessShareLock,t
1440261331.63733,pk_nation,15156,AccessShareLock,t
1440261331.63733,pk_part,15156,AccessShareLock,t
1440261331.63733,pk_partsupp,15156,AccessShareLock,t
1440261331.63733,pk_supplier,15156,AccessShareLock,t
1440261331.63733,supplier,15156,AccessShareLock,t
1440261331.63733,supplier_s_nationkey_s_suppkey_idx,15156,AccessShareLock,t
1440261331.63733,supplier_s_suppkey_idx_like,15156,AccessShareLock,t
1440261391.6637,lineitem,15483,AccessShareLock,t
1440261391.6637,lineitem_l_orderkey_idx,15483,AccessShareLock,t
1440261391.6637,lineitem_l_orderkey_idx_l_returnflag,15483,AccessShareLock,t
1440261391.6637,lineitem_l_orderkey_idx_part1,15483,AccessShareLock,t
1440261391.6637,lineitem_l_orderkey_idx_part2,15483,AccessShareLock,t
1440261391.6637,lineitem_l_orderkey_l_linenumber_l_shipdate_idx,15483,AccessShareLock,t
1440261391.6637,lineitem_l_partkey_l_quantity_l_shipmode_idx,15483,AccessShareLock,t
1440261391.6637,lineitem_l_shipdate_l_suppkey__idx,15483,AccessShareLock,t
1440261391.6637,part,15483,AccessShareLock,t
1440261391.6637,part_p_container_p_brand_p_partkey_idx,15483,AccessShareLock,t
1440261391.6637,part_p_name_idx,15483,AccessShareLock,t
1440261391.6637,part_p_size_idx,15483,AccessShareLock,t
1440261391.6637,part_p_type_p_partkey_idx,15483,AccessShareLock,t
1440261391.6637,pg_index,15543,AccessShareLock,t
1440261391.6637,pg_locks,15511,AccessShareLock,t
1440261391.6637,pg_namespace,15543,AccessShareLock,t
1440261391.6637,pg_stat_all_tables,15543,AccessShareLock,t
1440261391.6637,pg_statio_all_tables,15543,AccessShareLock,t
1440261391.6637,pk_lineitem,15483,AccessShareLock,t
1440261391.6637,pk_part,15483,AccessShareLock,t
1440261451.66698,customer,15571,AccessShareLock,t
1440261451.66698,customer_c_mktsegment_c_custkey_idx,15571,AccessShareLock,t
1440261451.66698,customer_c_nationkey_c_custkey_idx,15571,AccessShareLock,t
1440261451.66698,customer_c_phone_idx,15571,AccessShareLock,t
1440261451.66698,customer_c_phone_idx_c_acctbal,15571,AccessShareLock,t
1440261451.66698,lineitem,15571,AccessShareLock,t
1440261451.66698,lineitem_l_orderkey_idx,15571,AccessShareLock,t
1440261451.66698,lineitem_l_orderkey_idx_l_returnflag,15571,AccessShareLock,t
1440261451.66698,lineitem_l_orderkey_idx_part1,15571,AccessShareLock,t
1440261451.66698,lineitem_l_orderkey_idx_part2,15571,AccessShareLock,t
1440261451.66698,lineitem_l_orderkey_l_linenumber_l_shipdate_idx,15571,AccessShareLock,t
1440261451.66698,lineitem_l_partkey_l_quantity_l_shipmode_idx,15571,AccessShareLock,t
1440261451.66698,lineitem_l_shipdate_l_suppkey__idx,15571,AccessShareLock,t
1440261451.66698,orders,15571,AccessShareLock,t
1440261451.66698,orders_o_orderdate_o_orderkey_idx,15571,AccessShareLock,t
1440261451.66698,orders_o_orderkey_o_orderdate_idx,15571,AccessShareLock,t
1440261451.66698,pg_index,15607,AccessShareLock,t
1440261451.66698,pg_index_indexrelid_index,15607,AccessShareLock,t
1440261451.66698,pg_index_indrelid_index,15607,AccessShareLock,t
1440261451.66698,pg_locks,15614,AccessShareLock,t
1440261451.66698,pg_namespace,15607,AccessShareLock,t
1440261451.66698,pg_namespace_nspname_index,15607,AccessShareLock,t
1440261451.66698,pg_namespace_oid_index,15607,AccessShareLock,t
1440261451.66698,pg_stat_all_tables,15607,AccessShareLock,t
1440261451.66698,pg_stat_database,15603,AccessShareLock,t
1440261451.66698,pg_statio_all_tables,15607,AccessShareLock,t
1440261451.66698,pk_customer,15571,AccessShareLock,t
1440261451.66698,pk_lineitem,15571,AccessShareLock,t
1440261451.66698,pk_orders,15571,AccessShareLock,t
1440261511.67994,customer,15571,AccessShareLock,t
1440261511.67994,customer_c_mktsegment_c_custkey_idx,15571,AccessShareLock,t
1440261511.67994,customer_c_nationkey_c_custkey_idx,15571,AccessShareLock,t
1440261511.67994,customer_c_phone_idx,15571,AccessShareLock,t
1440261511.67994,customer_c_phone_idx_c_acctbal,15571,AccessShareLock,t
1440261511.67994,lineitem,15571,AccessShareLock,t
1440261511.67994,lineitem_l_orderkey_idx,15571,AccessShareLock,t
1440261511.67994,lineitem_l_orderkey_idx_l_returnflag,15571,AccessShareLock,t
1440261511.67994,lineitem_l_orderkey_idx_part1,15571,AccessShareLock,t
1440261511.67994,lineitem_l_orderkey_idx_part2,15571,AccessShareLock,t
1440261511.67994,lineitem_l_orderkey_l_linenumber_l_shipdate_idx,15571,AccessShareLock,t
1440261511.67994,lineitem_l_partkey_l_quantity_l_shipmode_idx,15571,AccessShareLock,t
1440261511.67994,lineitem_l_shipdate_l_suppkey__idx,15571,AccessShareLock,t
1440261511.67994,orders,15571,AccessShareLock,t
1440261511.67994,orders_o_orderdate_o_orderkey_idx,15571,AccessShareLock,t
1440261511.67994,orders_o_orderkey_o_orderdate_idx,15571,AccessShareLock,t
1440261511.67994,pg_index,15675,AccessShareLock,t
1440261511.67994,pg_locks,15674,AccessShareLock,t
1440261511.67994,pg_rewrite,15684,AccessShareLock,t
1440261511.67994,pg_rewrite_rel_rulename_index,15684,AccessShareLock,t
1440261511.67994,pg_stat_activity,15675,AccessShareLock,t
1440261511.67994,pg_stat_all_indexes,15684,AccessShareLock,t
1440261511.67994,pg_stat_database,15682,AccessShareLock,t
1440261511.67994,pk_customer,15571,AccessShareLock,t
1440261511.67994,pk_lineitem,15571,AccessShareLock,t
1440261511.67994,pk_orders,15571,AccessShareLock,t
1440261571.6867,customer,15571,AccessShareLock,t
1440261571.6867,customer_c_mktsegment_c_custkey_idx,15571,AccessShareLock,t
1440261571.6867,customer_c_nationkey_c_custkey_idx,15571,AccessShareLock,t
1440261571.6867,customer_c_phone_idx,15571,AccessShareLock,t
1440261571.6867,customer_c_phone_idx_c_acctbal,15571,AccessShareLock,t
1440261571.6867,lineitem,15571,AccessShareLock,t
1440261571.6867,lineitem_l_orderkey_idx,15571,AccessShareLock,t
1440261571.6867,lineitem_l_orderkey_idx_l_returnflag,15571,AccessShareLock,t
1440261571.6867,lineitem_l_orderkey_idx_part1,15571,AccessShareLock,t
1440261571.6867,lineitem_l_orderkey_idx_part2,15571,AccessShareLock,t
1440261571.6867,lineitem_l_orderkey_l_linenumber_l_shipdate_idx,15571,AccessShareLock,t
1440261571.6867,lineitem_l_partkey_l_quantity_l_shipmode_idx,15571,AccessShareLock,t
1440261571.6867,lineitem_l_shipdate_l_suppkey__idx,15571,AccessShareLock,t
1440261571.6867,orders,15571,AccessShareLock,t
1440261571.6867,orders_o_orderdate_o_orderkey_idx,15571,AccessShareLock,t
1440261571.6867,orders_o_orderkey_o_orderdate_idx,15571,AccessShareLock,t
1440261571.6867,pg_locks,15748,AccessShareLock,t
1440261571.6867,pk_customer,15571,AccessShareLock,t
1440261571.6867,pk_lineitem,15571,AccessShareLock,t
1440261571.6867,pk_orders,15571,AccessShareLock,t
1440261631.69779,customer,15571,AccessShareLock,t
1440261631.69779,customer_c_mktsegment_c_custkey_idx,15571,AccessShareLock,t
1440261631.69779,customer_c_nationkey_c_custkey_idx,15571,AccessShareLock,t
1440261631.69779,customer_c_phone_idx,15571,AccessShareLock,t
1440261631.69779,customer_c_phone_idx_c_acctbal,15571,AccessShareLock,t
1440261631.69779,lineitem,15571,AccessShareLock,t
1440261631.69779,lineitem_l_orderkey_idx,15571,AccessShareLock,t
1440261631.69779,lineitem_l_orderkey_idx_l_returnflag,15571,AccessShareLock,t
1440261631.69779,lineitem_l_orderkey_idx_part1,15571,AccessShareLock,t
1440261631.69779,lineitem_l_orderkey_idx_part2,15571,AccessShareLock,t
1440261631.69779,lineitem_l_orderkey_l_linenumber_l_shipdate_idx,15571,AccessShareLock,t
1440261631.69779,lineitem_l_partkey_l_quantity_l_shipmode_idx,15571,AccessShareLock,t
1440261631.69779,lineitem_l_shipdate_l_suppkey__idx,15571,AccessShareLock,t
1440261631.69779,orders,15571,AccessShareLock,t
1440261631.69779,orders_o_orderdate_o_orderkey_idx,15571,AccessShareLock,t
1440261631.69779,orders_o_orderkey_o_orderdate_idx,15571,AccessShareLock,t
1440261631.69779,pg_locks,15826,AccessShareLock,t
1440261631.69779,pk_customer,15571,AccessShareLock,t
1440261631.69779,pk_lineitem,15571,AccessShareLock,t
1440261631.69779,pk_orders,15571,AccessShareLock,t
1440261691.72222,customer,15888,AccessShareLock,t
1440261691.72222,customer_c_mktsegment_c_custkey_idx,15888,AccessShareLock,t
1440261691.72222,customer_c_nationkey_c_custkey_idx,15888,AccessShareLock,t
1440261691.72222,customer_c_phone_idx,15888,AccessShareLock,t
1440261691.72222,customer_c_phone_idx_c_acctbal,15888,AccessShareLock,t
1440261691.72222,lineitem,15888,AccessShareLock,t
1440261691.72222,lineitem_l_orderkey_idx,15888,AccessShareLock,t
1440261691.72222,lineitem_l_orderkey_idx_l_returnflag,15888,AccessShareLock,t
1440261691.72222,lineitem_l_orderkey_idx_part1,15888,AccessShareLock,t
1440261691.72222,lineitem_l_orderkey_idx_part2,15888,AccessShareLock,t
1440261691.72222,lineitem_l_orderkey_l_linenumber_l_shipdate_idx,15888,AccessShareLock,t
1440261691.72222,lineitem_l_partkey_l_quantity_l_shipmode_idx,15888,AccessShareLock,t
1440261691.72222,lineitem_l_shipdate_l_suppkey__idx,15888,AccessShareLock,t
1440261691.72222,nation,15888,AccessShareLock,t
1440261691.72222,orders,15888,AccessShareLock,t
1440261691.72222,orders_o_orderdate_o_orderkey_idx,15888,AccessShareLock,t
1440261691.72222,orders_o_orderkey_o_orderdate_idx,15888,AccessShareLock,t
1440261691.72222,part,15888,AccessShareLock,t
1440261691.72222,part_p_container_p_brand_p_partkey_idx,15888,AccessShareLock,t
1440261691.72222,part_p_name_idx,15888,AccessShareLock,t
1440261691.72222,part_p_size_idx,15888,AccessShareLock,t
1440261691.72222,part_p_type_p_partkey_idx,15888,AccessShareLock,t
1440261691.72222,pg_locks,15926,AccessShareLock,t
1440261691.72222,pg_rewrite,15928,AccessShareLock,t
1440261691.72222,pg_rewrite_rel_rulename_index,15928,AccessShareLock,t
1440261691.72222,pg_stat_all_indexes,15928,AccessShareLock,t
1440261691.72222,pg_stat_database,15915,AccessShareLock,t
1440261691.72222,pg_statio_all_indexes,15928,AccessShareLock,t
1440261691.72222,pk_customer,15888,AccessShareLock,t
1440261691.72222,pk_lineitem,15888,AccessShareLock,t
1440261691.72222,pk_nation,15888,AccessShareLock,t
1440261691.72222,pk_orders,15888,AccessShareLock,t
1440261691.72222,pk_part,15888,AccessShareLock,t
1440261691.72222,pk_region,15888,AccessShareLock,t
1440261691.72222,pk_supplier,15888,AccessShareLock,t
1440261691.72222,region,15888,AccessShareLock,t
1440261691.72222,supplier,15888,AccessShareLock,t
1440261691.72222,supplier_s_nationkey_s_suppkey_idx,15888,AccessShareLock,t
1440261691.72222,supplier_s_suppkey_idx_like,15888,AccessShareLock,t
1440261751.7315,lineitem,15972,AccessShareLock,t
1440261751.7315,lineitem_l_orderkey_idx,15972,AccessShareLock,t
1440261751.7315,lineitem_l_orderkey_idx_l_returnflag,15972,AccessShareLock,t
1440261751.7315,lineitem_l_orderkey_idx_part1,15972,AccessShareLock,t
1440261751.7315,lineitem_l_orderkey_idx_part2,15972,AccessShareLock,t
1440261751.7315,lineitem_l_orderkey_l_linenumber_l_shipdate_idx,15972,AccessShareLock,t
1440261751.7315,lineitem_l_partkey_l_quantity_l_shipmode_idx,15972,AccessShareLock,t
1440261751.7315,lineitem_l_shipdate_l_suppkey__idx,15972,AccessShareLock,t
1440261751.7315,nation,15972,AccessShareLock,t
1440261751.7315,orders,15972,AccessShareLock,t
1440261751.7315,orders_o_orderdate_o_orderkey_idx,15972,AccessShareLock,t
1440261751.7315,orders_o_orderkey_o_orderdate_idx,15972,AccessShareLock,t
1440261751.7315,pg_locks,16011,AccessShareLock,t
1440261751.7315,pg_stat_activity,16009,AccessShareLock,t
1440261751.7315,pk_lineitem,15972,AccessShareLock,t
1440261751.7315,pk_nation,15972,AccessShareLock,t
1440261751.7315,pk_orders,15972,AccessShareLock,t
1440261751.7315,pk_supplier,15972,AccessShareLock,t
1440261751.7315,supplier,15972,AccessShareLock,t
1440261751.7315,supplier_s_nationkey_s_suppkey_idx,15972,AccessShareLock,t
1440261751.7315,supplier_s_suppkey_idx_like,15972,AccessShareLock,t
1440261811.74372,lineitem,15972,AccessShareLock,t
1440261811.74372,lineitem_l_orderkey_idx,15972,AccessShareLock,t
1440261811.74372,lineitem_l_orderkey_idx_l_returnflag,15972,AccessShareLock,t
1440261811.74372,lineitem_l_orderkey_idx_part1,15972,AccessShareLock,t
1440261811.74372,lineitem_l_orderkey_idx_part2,15972,AccessShareLock,t
1440261811.74372,lineitem_l_orderkey_l_linenumber_l_shipdate_idx,15972,AccessShareLock,t
1440261811.74372,lineitem_l_partkey_l_quantity_l_shipmode_idx,15972,AccessShareLock,t
1440261811.74372,lineitem_l_shipdate_l_suppkey__idx,15972,AccessShareLock,t
1440261811.74372,nation,15972,AccessShareLock,t
1440261811.74372,orders,15972,AccessShareLock,t
1440261811.74372,orders_o_orderdate_o_orderkey_idx,15972,AccessShareLock,t
1440261811.74372,orders_o_orderkey_o_orderdate_idx,15972,AccessShareLock,t
1440261811.74372,pg_index,16094,AccessShareLock,t
1440261811.74372,pg_index_indexrelid_index,16094,AccessShareLock,t
1440261811.74372,pg_index_indrelid_index,16094,AccessShareLock,t
1440261811.74372,pg_locks,16079,AccessShareLock,t
1440261811.74372,pg_namespace,16094,AccessShareLock,t
1440261811.74372,pg_namespace_nspname_index,16094,AccessShareLock,t
1440261811.74372,pg_namespace_oid_index,16094,AccessShareLock,t
1440261811.74372,pg_rewrite,16088,AccessShareLock,t
1440261811.74372,pg_rewrite_rel_rulename_index,16088,AccessShareLock,t
1440261811.74372,pg_stat_all_indexes,16094,AccessShareLock,t
1440261811.74372,pg_stat_database,16080,AccessShareLock,t
1440261811.74372,pg_statio_all_indexes,16094,AccessShareLock,t
1440261811.74372,pg_statio_all_tables,16088,AccessShareLock,t
1440261811.74372,pk_lineitem,15972,AccessShareLock,t
1440261811.74372,pk_nation,15972,AccessShareLock,t
1440261811.74372,pk_orders,15972,AccessShareLock,t
1440261811.74372,pk_supplier,15972,AccessShareLock,t
1440261811.74372,supplier,15972,AccessShareLock,t
1440261811.74372,supplier_s_nationkey_s_suppkey_idx,15972,AccessShareLock,t
1440261811.74372,supplier_s_suppkey_idx_like,15972,AccessShareLock,t
1440261871.75158,lineitem,15972,AccessShareLock,t
1440261871.75158,lineitem_l_orderkey_idx,15972,AccessShareLock,t
1440261871.75158,lineitem_l_orderkey_idx_l_returnflag,15972,AccessShareLock,t
1440261871.75158,lineitem_l_orderkey_idx_part1,15972,AccessShareLock,t
1440261871.75158,lineitem_l_orderkey_idx_part2,15972,AccessShareLock,t
1440261871.75158,lineitem_l_orderkey_l_linenumber_l_shipdate_idx,15972,AccessShareLock,t
1440261871.75158,lineitem_l_partkey_l_quantity_l_shipmode_idx,15972,AccessShareLock,t
1440261871.75158,lineitem_l_shipdate_l_suppkey__idx,15972,AccessShareLock,t
1440261871.75158,nation,15972,AccessShareLock,t
1440261871.75158,orders,15972,AccessShareLock,t
1440261871.75158,orders_o_orderdate_o_orderkey_idx,15972,AccessShareLock,t
1440261871.75158,orders_o_orderkey_o_orderdate_idx,15972,AccessShareLock,t
1440261871.75158,pg_locks,16148,AccessShareLock,t
1440261871.75158,pg_rewrite,16177,AccessShareLock,t
1440261871.75158,pg_rewrite_rel_rulename_index,16177,AccessShareLock,t
1440261871.75158,pg_stat_all_indexes,16177,AccessShareLock,t
1440261871.75158,pk_lineitem,15972,AccessShareLock,t
1440261871.75158,pk_nation,15972,AccessShareLock,t
1440261871.75158,pk_orders,15972,AccessShareLock,t
1440261871.75158,pk_supplier,15972,AccessShareLock,t
1440261871.75158,supplier,15972,AccessShareLock,t
1440261871.75158,supplier_s_nationkey_s_suppkey_idx,15972,AccessShareLock,t
1440261871.75158,supplier_s_suppkey_idx_like,15972,AccessShareLock,t
1440261931.75635,lineitem,15972,AccessShareLock,t
1440261931.75635,lineitem_l_orderkey_idx,15972,AccessShareLock,t
1440261931.75635,lineitem_l_orderkey_idx_l_returnflag,15972,AccessShareLock,t
1440261931.75635,lineitem_l_orderkey_idx_part1,15972,AccessShareLock,t
1440261931.75635,lineitem_l_orderkey_idx_part2,15972,AccessShareLock,t
1440261931.75635,lineitem_l_orderkey_l_linenumber_l_shipdate_idx,15972,AccessShareLock,t
1440261931.75635,lineitem_l_partkey_l_quantity_l_shipmode_idx,15972,AccessShareLock,t
1440261931.75635,lineitem_l_shipdate_l_suppkey__idx,15972,AccessShareLock,t
1440261931.75635,nation,15972,AccessShareLock,t
1440261931.75635,orders,15972,AccessShareLock,t
1440261931.75635,orders_o_orderdate_o_orderkey_idx,15972,AccessShareLock,t
1440261931.75635,orders_o_orderkey_o_orderdate_idx,15972,AccessShareLock,t
1440261931.75635,pg_locks,16223,AccessShareLock,t
1440261931.75635,pk_lineitem,15972,AccessShareLock,t
1440261931.75635,pk_nation,15972,AccessShareLock,t
1440261931.75635,pk_orders,15972,AccessShareLock,t
1440261931.75635,pk_supplier,15972,AccessShareLock,t
1440261931.75635,supplier,15972,AccessShareLock,t
1440261931.75635,supplier_s_nationkey_s_suppkey_idx,15972,AccessShareLock,t
1440261931.75635,supplier_s_suppkey_idx_like,15972,AccessShareLock,t
1440261991.75256,customer,16282,AccessShareLock,t
1440261991.75256,customer_c_mktsegment_c_custkey_idx,16282,AccessShareLock,t
1440261991.75256,customer_c_nationkey_c_custkey_idx,16282,AccessShareLock,t
1440261991.75256,customer_c_phone_idx,16282,AccessShareLock,t
1440261991.75256,customer_c_phone_idx_c_acctbal,16282,AccessShareLock,t
1440261991.75256,orders,16282,AccessShareLock,t
1440261991.75256,orders_o_orderdate_o_orderkey_idx,16282,AccessShareLock,t
1440261991.75256,orders_o_orderkey_o_orderdate_idx,16282,AccessShareLock,t
1440261991.75256,pg_locks,16311,AccessShareLock,t
1440261991.75256,pk_customer,16282,AccessShareLock,t
1440261991.75256,pk_orders,16282,AccessShareLock,t
1440262051.75863,customer,16282,AccessShareLock,t
1440262051.75863,customer_c_mktsegment_c_custkey_idx,16282,AccessShareLock,t
1440262051.75863,customer_c_nationkey_c_custkey_idx,16282,AccessShareLock,t
1440262051.75863,customer_c_phone_idx,16282,AccessShareLock,t
1440262051.75863,customer_c_phone_idx_c_acctbal,16282,AccessShareLock,t
1440262051.75863,orders,16282,AccessShareLock,t
1440262051.75863,orders_o_orderdate_o_orderkey_idx,16282,AccessShareLock,t
1440262051.75863,orders_o_orderkey_o_orderdate_idx,16282,AccessShareLock,t
1440262051.75863,pg_index,16379,AccessShareLock,t
1440262051.75863,pg_index_indexrelid_index,16379,AccessShareLock,t
1440262051.75863,pg_index_indrelid_index,16379,AccessShareLock,t
1440262051.75863,pg_locks,16378,AccessShareLock,t
1440262051.75863,pg_namespace,16379,AccessShareLock,t
1440262051.75863,pg_namespace_nspname_index,16379,AccessShareLock,t
1440262051.75863,pg_namespace_oid_index,16379,AccessShareLock,t
1440262051.75863,pg_stat_all_indexes,16379,AccessShareLock,t
1440262051.75863,pg_statio_all_indexes,16379,AccessShareLock,t
1440262051.75863,pg_statistic,16379,AccessShareLock,t
1440262051.75863,pg_statistic_relid_att_inh_index,16379,AccessShareLock,t
1440262051.75863,pk_customer,16282,AccessShareLock,t
1440262051.75863,pk_orders,16282,AccessShareLock,t
1440262111.79132,customer,16447,AccessShareLock,t
1440262111.79132,customer_c_mktsegment_c_custkey_idx,16447,AccessShareLock,t
1440262111.79132,customer_c_nationkey_c_custkey_idx,16447,AccessShareLock,t
1440262111.79132,customer_c_phone_idx,16447,AccessShareLock,t
1440262111.79132,customer_c_phone_idx_c_acctbal,16447,AccessShareLock,t
1440262111.79132,lineitem,16447,AccessShareLock,t
1440262111.79132,lineitem_l_orderkey_idx,16447,AccessShareLock,t
1440262111.79132,lineitem_l_orderkey_idx_l_returnflag,16447,AccessShareLock,t
1440262111.79132,lineitem_l_orderkey_idx_part1,16447,AccessShareLock,t
1440262111.79132,lineitem_l_orderkey_idx_part2,16447,AccessShareLock,t
1440262111.79132,lineitem_l_orderkey_l_linenumber_l_shipdate_idx,16447,AccessShareLock,t
1440262111.79132,lineitem_l_partkey_l_quantity_l_shipmode_idx,16447,AccessShareLock,t
1440262111.79132,lineitem_l_shipdate_l_suppkey__idx,16447,AccessShareLock,t
1440262111.79132,orders,16447,AccessShareLock,t
1440262111.79132,orders_o_orderdate_o_orderkey_idx,16447,AccessShareLock,t
1440262111.79132,orders_o_orderkey_o_orderdate_idx,16447,AccessShareLock,t
1440262111.79132,pg_index,16487,AccessShareLock,t
1440262111.79132,pg_index,16479,AccessShareLock,t
1440262111.79132,pg_index_indexrelid_index,16487,AccessShareLock,t
1440262111.79132,pg_index_indexrelid_index,16479,AccessShareLock,t
1440262111.79132,pg_index_indrelid_index,16479,AccessShareLock,t
1440262111.79132,pg_index_indrelid_index,16487,AccessShareLock,t
1440262111.79132,pg_locks,16480,AccessShareLock,t
1440262111.79132,pg_namespace,16487,AccessShareLock,t
1440262111.79132,pg_namespace,16479,AccessShareLock,t
1440262111.79132,pg_namespace_nspname_index,16479,AccessShareLock,t
1440262111.79132,pg_namespace_nspname_index,16487,AccessShareLock,t
1440262111.79132,pg_namespace_oid_index,16479,AccessShareLock,t
1440262111.79132,pg_namespace_oid_index,16487,AccessShareLock,t
1440262111.79132,pg_stat_activity,16485,AccessShareLock,t
1440262111.79132,pg_stat_all_indexes,16479,AccessShareLock,t
1440262111.79132,pg_stat_all_tables,16487,AccessShareLock,t
1440262111.79132,pg_stat_database,16478,AccessShareLock,t
1440262111.79132,pg_statio_all_indexes,16479,AccessShareLock,t
1440262111.79132,pg_statio_all_tables,16487,AccessShareLock,t
1440262111.79132,pk_customer,16447,AccessShareLock,t
1440262111.79132,pk_lineitem,16447,AccessShareLock,t
1440262111.79132,pk_orders,16447,AccessShareLock,t
1440262171.81183,customer,16531,AccessShareLock,t
1440262171.81183,customer_c_mktsegment_c_custkey_idx,16531,AccessShareLock,t
1440262171.81183,customer_c_nationkey_c_custkey_idx,16531,AccessShareLock,t
1440262171.81183,customer_c_phone_idx,16531,AccessShareLock,t
1440262171.81183,customer_c_phone_idx_c_acctbal,16531,AccessShareLock,t
1440262171.81183,orders,16531,AccessShareLock,t
1440262171.81183,orders_o_orderdate_o_orderkey_idx,16531,AccessShareLock,t
1440262171.81183,orders_o_orderkey_o_orderdate_idx,16531,AccessShareLock,t
1440262171.81183,pg_locks,16565,AccessShareLock,t
1440262171.81183,pg_stat_activity,16584,AccessShareLock,t
1440262171.81183,pg_stat_all_indexes,16603,AccessShareLock,t
1440262171.81183,pg_stat_database,16567,AccessShareLock,t
1440262171.81183,pg_statio_all_indexes,16603,AccessShareLock,t
1440262171.81183,pk_customer,16531,AccessShareLock,t
1440262171.81183,pk_orders,16531,AccessShareLock,t
1440262231.82328,part,16620,AccessShareLock,t
1440262231.82328,part_p_container_p_brand_p_partkey_idx,16620,AccessShareLock,t
1440262231.82328,part_p_name_idx,16620,AccessShareLock,t
1440262231.82328,part_p_size_idx,16620,AccessShareLock,t
1440262231.82328,part_p_type_p_partkey_idx,16620,AccessShareLock,t
1440262231.82328,partsupp,16620,AccessShareLock,t
1440262231.82328,partsupp_ps_suppkey_idx,16620,AccessShareLock,t
1440262231.82328,pg_index,16652,AccessShareLock,t
1440262231.82328,pg_index_indexrelid_index,16652,AccessShareLock,t
1440262231.82328,pg_index_indrelid_index,16652,AccessShareLock,t
1440262231.82328,pg_locks,16651,AccessShareLock,t
1440262231.82328,pg_namespace,16652,AccessShareLock,t
1440262231.82328,pg_namespace_nspname_index,16652,AccessShareLock,t
1440262231.82328,pg_namespace_oid_index,16652,AccessShareLock,t
1440262231.82328,pg_stat_all_tables,16652,AccessShareLock,t
1440262231.82328,pg_stat_database,16659,AccessShareLock,t
1440262231.82328,pg_statio_all_tables,16652,AccessShareLock,t
1440262231.82328,pk_part,16620,AccessShareLock,t
1440262231.82328,pk_partsupp,16620,AccessShareLock,t
1440262231.82328,pk_supplier,16620,AccessShareLock,t
1440262231.82328,supplier,16620,AccessShareLock,t
1440262231.82328,supplier_s_nationkey_s_suppkey_idx,16620,AccessShareLock,t
1440262231.82328,supplier_s_suppkey_idx_like,16620,AccessShareLock,t
1440262291.84138,lineitem,16719,AccessShareLock,t
1440262291.84138,lineitem_l_orderkey_idx,16719,AccessShareLock,t
1440262291.84138,lineitem_l_orderkey_idx_l_returnflag,16719,AccessShareLock,t
1440262291.84138,lineitem_l_orderkey_idx_part1,16719,AccessShareLock,t
1440262291.84138,lineitem_l_orderkey_idx_part2,16719,AccessShareLock,t
1440262291.84138,lineitem_l_orderkey_l_linenumber_l_shipdate_idx,16719,AccessShareLock,t
1440262291.84138,lineitem_l_partkey_l_quantity_l_shipmode_idx,16719,AccessShareLock,t
1440262291.84138,lineitem_l_shipdate_l_suppkey__idx,16719,AccessShareLock,t
1440262291.84138,orders,16719,AccessShareLock,t
1440262291.84138,orders_o_orderdate_o_orderkey_idx,16719,AccessShareLock,t
1440262291.84138,orders_o_orderkey_o_orderdate_idx,16719,AccessShareLock,t
1440262291.84138,pg_index,16746,AccessShareLock,t
1440262291.84138,pg_index_indexrelid_index,16746,AccessShareLock,t
1440262291.84138,pg_index_indrelid_index,16746,AccessShareLock,t
1440262291.84138,pg_locks,16747,AccessShareLock,t
1440262291.84138,pg_namespace,16746,AccessShareLock,t
1440262291.84138,pg_namespace_nspname_index,16746,AccessShareLock,t
1440262291.84138,pg_namespace_oid_index,16746,AccessShareLock,t
1440262291.84138,pg_rewrite,16786,AccessShareLock,t
1440262291.84138,pg_rewrite_rel_rulename_index,16786,AccessShareLock,t
1440262291.84138,pg_stat_all_indexes,16746,AccessShareLock,t
1440262291.84138,pg_stat_database,16770,AccessShareLock,t
1440262291.84138,pg_statio_all_indexes,16746,AccessShareLock,t
1440262291.84138,pg_statio_all_tables,16786,AccessShareLock,t
1440262291.84138,pk_lineitem,16719,AccessShareLock,t
1440262291.84138,pk_orders,16719,AccessShareLock,t
1440262351.85192,lineitem,16822,AccessShareLock,t
1440262351.85192,lineitem_l_orderkey_idx,16822,AccessShareLock,t
1440262351.85192,lineitem_l_orderkey_idx_l_returnflag,16822,AccessShareLock,t
1440262351.85192,lineitem_l_orderkey_idx_part1,16822,AccessShareLock,t
1440262351.85192,lineitem_l_orderkey_idx_part2,16822,AccessShareLock,t
1440262351.85192,lineitem_l_orderkey_l_linenumber_l_shipdate_idx,16822,AccessShareLock,t
1440262351.85192,lineitem_l_partkey_l_quantity_l_shipmode_idx,16822,AccessShareLock,t
1440262351.85192,lineitem_l_shipdate_l_suppkey__idx,16822,AccessShareLock,t
1440262351.85192,pg_index,16878,AccessShareLock,t
1440262351.85192,pg_index,16860,AccessShareLock,t
1440262351.85192,pg_index_indexrelid_index,16860,AccessShareLock,t
1440262351.85192,pg_index_indexrelid_index,16878,AccessShareLock,t
1440262351.85192,pg_index_indrelid_index,16878,AccessShareLock,t
1440262351.85192,pg_index_indrelid_index,16860,AccessShareLock,t
1440262351.85192,pg_locks,16862,AccessShareLock,t
1440262351.85192,pg_namespace,16860,AccessShareLock,t
1440262351.85192,pg_namespace,16878,AccessShareLock,t
1440262351.85192,pg_namespace_nspname_index,16878,AccessShareLock,t
1440262351.85192,pg_namespace_nspname_index,16860,AccessShareLock,t
1440262351.85192,pg_namespace_oid_index,16878,AccessShareLock,t
1440262351.85192,pg_namespace_oid_index,16860,AccessShareLock,t
1440262351.85192,pg_stat_all_indexes,16860,AccessShareLock,t
1440262351.85192,pg_stat_all_tables,16878,AccessShareLock,t
1440262351.85192,pg_stat_database,16869,AccessShareLock,t
1440262351.85192,pg_statio_all_indexes,16860,AccessShareLock,t
1440262351.85192,pg_statio_all_tables,16878,AccessShareLock,t
1440262351.85192,pk_lineitem,16822,AccessShareLock,t
1440262351.85192,pk_supplier,16822,AccessShareLock,t
1440262351.85192,supplier,16822,AccessShareLock,t
1440262351.85192,supplier_s_nationkey_s_suppkey_idx,16822,AccessShareLock,t
1440262351.85192,supplier_s_suppkey_idx_like,16822,AccessShareLock,t
1440262411.84987,lineitem,16906,AccessShareLock,t
1440262411.84987,lineitem_l_orderkey_idx,16906,AccessShareLock,t
1440262411.84987,lineitem_l_orderkey_idx_l_returnflag,16906,AccessShareLock,t
1440262411.84987,lineitem_l_orderkey_idx_part1,16906,AccessShareLock,t
1440262411.84987,lineitem_l_orderkey_idx_part2,16906,AccessShareLock,t
1440262411.84987,lineitem_l_orderkey_l_linenumber_l_shipdate_idx,16906,AccessShareLock,t
1440262411.84987,lineitem_l_partkey_l_quantity_l_shipmode_idx,16906,AccessShareLock,t
1440262411.84987,lineitem_l_shipdate_l_suppkey__idx,16906,AccessShareLock,t
1440262411.84987,pg_locks,16942,AccessShareLock,t
1440262411.84987,pg_rewrite,16944,AccessShareLock,t
1440262411.84987,pg_rewrite_rel_rulename_index,16944,AccessShareLock,t
1440262411.84987,pg_statio_all_tables,16944,AccessShareLock,t
1440262411.84987,pk_lineitem,16906,AccessShareLock,t
1440262471.85554,customer,17000,AccessShareLock,t
1440262471.85554,customer_c_mktsegment_c_custkey_idx,17000,AccessShareLock,t
1440262471.85554,customer_c_nationkey_c_custkey_idx,17000,AccessShareLock,t
1440262471.85554,customer_c_phone_idx,17000,AccessShareLock,t
1440262471.85554,customer_c_phone_idx_c_acctbal,17000,AccessShareLock,t
1440262471.85554,lineitem,17000,AccessShareLock,t
1440262471.85554,lineitem_l_orderkey_idx,17000,AccessShareLock,t
1440262471.85554,lineitem_l_orderkey_idx_l_returnflag,17000,AccessShareLock,t
1440262471.85554,lineitem_l_orderkey_idx_part1,17000,AccessShareLock,t
1440262471.85554,lineitem_l_orderkey_idx_part2,17000,AccessShareLock,t
1440262471.85554,lineitem_l_orderkey_l_linenumber_l_shipdate_idx,17000,AccessShareLock,t
1440262471.85554,lineitem_l_partkey_l_quantity_l_shipmode_idx,17000,AccessShareLock,t
1440262471.85554,lineitem_l_shipdate_l_suppkey__idx,17000,AccessShareLock,t
1440262471.85554,nation,17000,AccessShareLock,t
1440262471.85554,orders,17000,AccessShareLock,t
1440262471.85554,orders_o_orderdate_o_orderkey_idx,17000,AccessShareLock,t
1440262471.85554,orders_o_orderkey_o_orderdate_idx,17000,AccessShareLock,t
1440262471.85554,pg_locks,17023,AccessShareLock,t
1440262471.85554,pk_customer,17000,AccessShareLock,t
1440262471.85554,pk_lineitem,17000,AccessShareLock,t
1440262471.85554,pk_nation,17000,AccessShareLock,t
1440262471.85554,pk_orders,17000,AccessShareLock,t
1440262531.88654,lineitem,17091,AccessShareLock,t
1440262531.88654,lineitem_l_orderkey_idx,17091,AccessShareLock,t
1440262531.88654,lineitem_l_orderkey_idx_l_returnflag,17091,AccessShareLock,t
1440262531.88654,lineitem_l_orderkey_idx_part1,17091,AccessShareLock,t
1440262531.88654,lineitem_l_orderkey_idx_part2,17091,AccessShareLock,t
1440262531.88654,lineitem_l_orderkey_l_linenumber_l_shipdate_idx,17091,AccessShareLock,t
1440262531.88654,lineitem_l_partkey_l_quantity_l_shipmode_idx,17091,AccessShareLock,t
1440262531.88654,lineitem_l_shipdate_l_suppkey__idx,17091,AccessShareLock,t
1440262531.88654,part,17091,AccessShareLock,t
1440262531.88654,part_p_container_p_brand_p_partkey_idx,17091,AccessShareLock,t
1440262531.88654,part_p_name_idx,17091,AccessShareLock,t
1440262531.88654,part_p_size_idx,17091,AccessShareLock,t
1440262531.88654,part_p_type_p_partkey_idx,17091,AccessShareLock,t
1440262531.88654,pg_index,17123,AccessShareLock,t
1440262531.88654,pg_locks,17121,AccessShareLock,t
1440262531.88654,pg_namespace,17123,AccessShareLock,t
1440262531.88654,pg_stat_activity,17155,AccessShareLock,t
1440262531.88654,pg_stat_all_indexes,17123,AccessShareLock,t
1440262531.88654,pg_statio_all_indexes,17123,AccessShareLock,t
1440262531.88654,pk_lineitem,17091,AccessShareLock,t
1440262531.88654,pk_part,17091,AccessShareLock,t
1440262591.89052,customer,17194,AccessShareLock,t
1440262591.89052,customer_c_mktsegment_c_custkey_idx,17194,AccessShareLock,t
1440262591.89052,customer_c_nationkey_c_custkey_idx,17194,AccessShareLock,t
1440262591.89052,customer_c_phone_idx,17194,AccessShareLock,t
1440262591.89052,customer_c_phone_idx_c_acctbal,17194,AccessShareLock,t
1440262591.89052,lineitem,17194,AccessShareLock,t
1440262591.89052,lineitem_l_orderkey_idx,17194,AccessShareLock,t
1440262591.89052,lineitem_l_orderkey_idx_l_returnflag,17194,AccessShareLock,t
1440262591.89052,lineitem_l_orderkey_idx_part1,17194,AccessShareLock,t
1440262591.89052,lineitem_l_orderkey_idx_part2,17194,AccessShareLock,t
1440262591.89052,lineitem_l_orderkey_l_linenumber_l_shipdate_idx,17194,AccessShareLock,t
1440262591.89052,lineitem_l_partkey_l_quantity_l_shipmode_idx,17194,AccessShareLock,t
1440262591.89052,lineitem_l_shipdate_l_suppkey__idx,17194,AccessShareLock,t
1440262591.89052,nation,17194,AccessShareLock,t
1440262591.89052,orders,17194,AccessShareLock,t
1440262591.89052,orders_o_orderdate_o_orderkey_idx,17194,AccessShareLock,t
1440262591.89052,orders_o_orderkey_o_orderdate_idx,17194,AccessShareLock,t
1440262591.89052,pg_locks,17218,AccessShareLock,t
1440262591.89052,pk_customer,17194,AccessShareLock,t
1440262591.89052,pk_lineitem,17194,AccessShareLock,t
1440262591.89052,pk_nation,17194,AccessShareLock,t
1440262591.89052,pk_orders,17194,AccessShareLock,t
1440262591.89052,pk_supplier,17194,AccessShareLock,t
1440262591.89052,supplier,17194,AccessShareLock,t
1440262591.89052,supplier_s_nationkey_s_suppkey_idx,17194,AccessShareLock,t
1440262591.89052,supplier_s_suppkey_idx_like,17194,AccessShareLock,t
